USE qintomcat;INSERT INTO usuario (id, apellido, contrasenia_usuario, nombre, nombre_usuario) VALUES(1, 'apellido usuario 1', '123', 'nombre usuario 1', 'alumno1');INSERT INTO usuario (id, apellido, contrasenia_usuario, nombre, nombre_usuario) VALUES(2, 'apellido usuario 2', '123', 'nombre usuario 2', 'alumno2');INSERT INTO usuario (id, apellido, contrasenia_usuario, nombre, nombre_usuario) VALUES(3, 'apellido usuario 3', '123', 'nombre usuario 3', 'alumno3');INSERT INTO usuario (id, apellido, contrasenia_usuario, nombre, nombre_usuario) VALUES(4, 'apellido usuario 4', '123', 'nombre usuario 4', 'alumno4');INSERT INTO usuario (id, apellido, contrasenia_usuario, nombre, nombre_usuario) VALUES(5, 'apellido usuario 5', '123', 'nombre usuario 5', 'alumno5');INSERT INTO usuario (id, apellido, contrasenia_usuario, nombre, nombre_usuario) VALUES(6, 'apellido usuario 6', '123', 'nombre usuario 6', 'alumno6');INSERT INTO usuario (id, apellido, contrasenia_usuario, nombre, nombre_usuario) VALUES(7, 'apellido usuario 7', '123', 'nombre usuario 7', 'alumno7');INSERT INTO usuario (id, apellido, contrasenia_usuario, nombre, nombre_usuario) VALUES(8, 'apellido usuario 8', '123', 'nombre usuario 8', 'alumno8');INSERT INTO usuario (id, apellido, contrasenia_usuario, nombre, nombre_usuario) VALUES(9, 'apellido usuario 9', '123', 'nombre usuario 9', 'alumno9');INSERT INTO usuario (id, apellido, contrasenia_usuario, nombre, nombre_usuario) VALUES(10, 'apellido usuario 10', '123', 'nombre usuario 10', 'alumno10');INSERT INTO usuario (id, apellido, contrasenia_usuario, nombre, nombre_usuario) VALUES(11, 'apellido usuario 11', '123', 'nombre usuario 11', 'alumno11');INSERT INTO usuario (id, apellido, contrasenia_usuario, nombre, nombre_usuario) VALUES(12, 'apellido usuario 12', '123', 'nombre usuario 12', 'alumno12');INSERT INTO usuario (id, apellido, contrasenia_usuario, nombre, nombre_usuario) VALUES(13, 'apellido usuario 13', '123', 'nombre usuario 13', 'alumno13');INSERT INTO usuario (id, apellido, contrasenia_usuario, nombre, nombre_usuario) VALUES(14, 'apellido usuario 14', '123', 'nombre usuario 14', 'alumno14');INSERT INTO usuario (id, apellido, contrasenia_usuario, nombre, nombre_usuario) VALUES(15, 'apellido usuario 15', '123', 'nombre usuario 15', 'alumno15');INSERT INTO usuario (id, apellido, contrasenia_usuario, nombre, nombre_usuario) VALUES(16, 'apellido usuario 16', '123', 'nombre usuario 16', 'alumno16');INSERT INTO usuario (id, apellido, contrasenia_usuario, nombre, nombre_usuario) VALUES(17, 'apellido usuario 17', '123', 'nombre usuario 17', 'alumno17');INSERT INTO usuario (id, apellido, contrasenia_usuario, nombre, nombre_usuario) VALUES(18, 'apellido usuario 18', '123', 'nombre usuario 18', 'alumno18');INSERT INTO usuario (id, apellido, contrasenia_usuario, nombre, nombre_usuario) VALUES(19, 'apellido usuario 19', '123', 'nombre usuario 19', 'alumno19');INSERT INTO usuario (id, apellido, contrasenia_usuario, nombre, nombre_usuario) VALUES(20, 'apellido usuario 20', '123', 'nombre usuario 20', 'alumno20');INSERT INTO usuario (id, apellido, contrasenia_usuario, nombre, nombre_usuario) VALUES(21, 'apellido usuario 21', '123', 'nombre usuario 21', 'alumno21');INSERT INTO usuario (id, apellido, contrasenia_usuario, nombre, nombre_usuario) VALUES(22, 'apellido usuario 22', '123', 'nombre usuario 22', 'alumno22');INSERT INTO usuario (id, apellido, contrasenia_usuario, nombre, nombre_usuario) VALUES(23, 'apellido usuario 23', '123', 'nombre usuario 23', 'alumno23');INSERT INTO usuario (id, apellido, contrasenia_usuario, nombre, nombre_usuario) VALUES(24, 'apellido usuario 24', '123', 'nombre usuario 24', 'alumno24');INSERT INTO usuario (id, apellido, contrasenia_usuario, nombre, nombre_usuario) VALUES(25, 'apellido usuario 25', '123', 'nombre usuario 25', 'alumno25');INSERT INTO usuario (id, apellido, contrasenia_usuario, nombre, nombre_usuario) VALUES(26, 'apellido usuario 26', '123', 'nombre usuario 26', 'alumno26');INSERT INTO usuario (id, apellido, contrasenia_usuario, nombre, nombre_usuario) VALUES(27, 'apellido usuario 27', '123', 'nombre usuario 27', 'alumno27');INSERT INTO usuario (id, apellido, contrasenia_usuario, nombre, nombre_usuario) VALUES(28, 'apellido usuario 28', '123', 'nombre usuario 28', 'alumno28');INSERT INTO usuario (id, apellido, contrasenia_usuario, nombre, nombre_usuario) VALUES(29, 'apellido usuario 29', '123', 'nombre usuario 29', 'alumno29');INSERT INTO usuario (id, apellido, contrasenia_usuario, nombre, nombre_usuario) VALUES(30, 'apellido usuario 30', '123', 'nombre usuario 30', 'alumno30');INSERT INTO usuario (id, apellido, contrasenia_usuario, nombre, nombre_usuario) VALUES(31, 'apellido docente 1', '123', 'nombre docente 1', 'docente1');INSERT INTO usuario (id, apellido, contrasenia_usuario, nombre, nombre_usuario) VALUES(32, 'apellido docente 2', '123', 'nombre docente 2', 'docente2');INSERT INTO alumno (id, padron) VALUES (1, '80001');INSERT INTO alumno (id, padron) VALUES (2, '80002');INSERT INTO alumno (id, padron) VALUES (3, '80003');INSERT INTO alumno (id, padron) VALUES (4, '80004');INSERT INTO alumno (id, padron) VALUES (5, '80005');INSERT INTO alumno (id, padron) VALUES (6, '80006');INSERT INTO alumno (id, padron) VALUES (7, '80007');INSERT INTO alumno (id, padron) VALUES (8, '80008');INSERT INTO alumno (id, padron) VALUES (9, '80009');INSERT INTO alumno (id, padron) VALUES (10, '80010');INSERT INTO alumno (id, padron) VALUES (11, '80011');INSERT INTO alumno (id, padron) VALUES (12, '80012');INSERT INTO alumno (id, padron) VALUES (13, '80013');INSERT INTO alumno (id, padron) VALUES (14, '80014');INSERT INTO alumno (id, padron) VALUES (15, '80015');INSERT INTO alumno (id, padron) VALUES (16, '80016');INSERT INTO alumno (id, padron) VALUES (17, '80017');INSERT INTO alumno (id, padron) VALUES (18, '80018');INSERT INTO alumno (id, padron) VALUES (19, '80019');INSERT INTO alumno (id, padron) VALUES (20, '80020');INSERT INTO alumno (id, padron) VALUES (21, '80021');INSERT INTO alumno (id, padron) VALUES (22, '80022');INSERT INTO alumno (id, padron) VALUES (23, '80023');INSERT INTO alumno (id, padron) VALUES (24, '80024');INSERT INTO alumno (id, padron) VALUES (25, '80025');INSERT INTO alumno (id, padron) VALUES (26, '80026');INSERT INTO alumno (id, padron) VALUES (27, '80027');INSERT INTO alumno (id, padron) VALUES (28, '80028');INSERT INTO alumno (id, padron) VALUES (29, '80029');INSERT INTO alumno (id, padron) VALUES (30, '80030');INSERT INTO docente (id, matricula) VALUES (31, '123');INSERT INTO docente (id, matricula) VALUES (32, '124');INSERT INTO materia (id, anio, carrera, codigo, cuatrimestre, nombre, docente_id) VALUES(1, 2010, '75', '75.25', 1, 'Calidad', 31);INSERT INTO materia (id, anio, carrera, codigo, cuatrimestre, nombre, docente_id) VALUES(2, 2010, '73', '75.26', 1, 'Taller', 31);INSERT INTO materia (id, anio, carrera, codigo, cuatrimestre, nombre, docente_id) VALUES(3, 2010, '74', '75.27', 1, 'Analisis', 31);INSERT INTO materia (id, anio, carrera, codigo, cuatrimestre, nombre, docente_id) VALUES(4, 2010, '76', '75.28', 1, 'Algebra', 31);INSERT INTO materia (id, anio, carrera, codigo, cuatrimestre, nombre, docente_id) VALUES(5, 2010, '77', '75.29', 1, 'Arquitectura', 32);INSERT INTO materia (id, anio, carrera, codigo, cuatrimestre, nombre, docente_id) VALUES(6, 2010, '78', '75.30', 1, 'Administracion', 32);INSERT INTO materia (id, anio, carrera, codigo, cuatrimestre, nombre, docente_id) VALUES(7, 2010, '79', '75.31', 1, 'Tecnicas de Diseño', 32);INSERT INTO trabajo_practico (id, titulo, materia_id) VALUES(1, 'Trabajo Practico 1', (SELECT id FROM materia WHERE nombre = 'Calidad'));INSERT INTO trabajo_practico (id, titulo, materia_id) VALUES(2, 'Trabajo Practico 2', (SELECT id FROM materia WHERE nombre = 'Taller'));INSERT INTO trabajo_practico (id, titulo, materia_id) VALUES(3, 'Trabajo Practico 3', (SELECT id FROM materia WHERE nombre = 'Analisis'));INSERT INTO trabajo_practico (id, titulo, materia_id) VALUES(4, 'Trabajo Practico 4', (SELECT id FROM materia WHERE nombre = 'Algebra'));INSERT INTO trabajo_practico (id, titulo, materia_id) VALUES(5, 'Trabajo Practico 5', (SELECT id FROM materia WHERE nombre = 'Arquitectura'));INSERT INTO trabajo_practico (id, titulo, materia_id) VALUES(6, 'Trabajo Practico 6', (SELECT id FROM materia WHERE nombre = 'Administracion'));INSERT INTO trabajo_practico (id, titulo, materia_id) VALUES(7, 'Trabajo Practico 7', (SELECT id FROM materia WHERE nombre = 'Tecnicas de Diseño'));INSERT INTO trabajo_practico (id, titulo, materia_id) VALUES(8, 'Trabajo Practico 8', (SELECT id FROM materia WHERE nombre = 'Administracion'));INSERT INTO trabajo_practico (id, titulo, materia_id) VALUES(9, 'Trabajo Practico 9', (SELECT id FROM materia WHERE nombre = 'Calidad'));INSERT INTO trabajo_practico (id, titulo, materia_id) VALUES(10, 'Trabajo Practico 10', (SELECT id FROM materia WHERE nombre = 'Administracion'));INSERT INTO trabajo_practico (id, titulo, materia_id) VALUES(11, 'Trabajo Practico 11', (SELECT id FROM materia WHERE nombre = 'Analisis'));INSERT INTO trabajo_practico (id, titulo, materia_id) VALUES(12, 'Trabajo Practico 12', (SELECT id FROM materia WHERE nombre = 'Calidad'));INSERT INTO trabajo_practico (id, titulo, materia_id) VALUES(13, 'Trabajo Practico 13', (SELECT id FROM materia WHERE nombre = 'Tecnicas de Diseño'));INSERT INTO trabajo_practico (id, titulo, materia_id) VALUES(14, 'Trabajo Practico 14', (SELECT id FROM materia WHERE nombre = 'Calidad'));INSERT INTO trabajo_practico (id, titulo, materia_id) VALUES(15, 'Trabajo Practico 15', (SELECT id FROM materia WHERE nombre = 'Calidad'));INSERT INTO trabajo_practico (id, titulo, materia_id) VALUES(16, 'Trabajo Practico 16', (SELECT id FROM materia WHERE nombre = 'Tecnicas de Diseño'));INSERT INTO trabajo_practico (id, titulo, materia_id) VALUES(17, 'Trabajo Practico 17', (SELECT id FROM materia WHERE nombre = 'Calidad'));INSERT INTO trabajo_practico (id, titulo, materia_id) VALUES(18, 'Trabajo Practico 18', (SELECT id FROM materia WHERE nombre = 'Tecnicas de Diseño'));INSERT INTO trabajo_practico (id, titulo, materia_id) VALUES(19, 'Trabajo Practico 19', (SELECT id FROM materia WHERE nombre = 'Taller'));INSERT INTO trabajo_practico (id, titulo, materia_id) VALUES(20, 'Trabajo Practico 20', (SELECT id FROM materia WHERE nombre = 'Calidad'));INSERT INTO trabajo_practico (id, titulo, materia_id) VALUES(21, 'Trabajo Practico 21', (SELECT id FROM materia WHERE nombre = 'Analisis'));INSERT INTO trabajo_practico (id, titulo, materia_id) VALUES(22, 'Trabajo Practico 22', (SELECT id FROM materia WHERE nombre = 'Calidad'));INSERT INTO trabajo_practico (id, titulo, materia_id) VALUES(23, 'Trabajo Practico 23', (SELECT id FROM materia WHERE nombre = 'Tecnicas de Diseño'));INSERT INTO trabajo_practico (id, titulo, materia_id) VALUES(24, 'Trabajo Practico 24', (SELECT id FROM materia WHERE nombre = 'Calidad'));INSERT INTO trabajo_practico (id, titulo, materia_id) VALUES(25, 'Trabajo Practico 25', (SELECT id FROM materia WHERE nombre = 'Calidad'));INSERT INTO trabajo_practico (id, titulo, materia_id) VALUES(26, 'Trabajo Practico 26', (SELECT id FROM materia WHERE nombre = 'Tecnicas de Diseño'));INSERT INTO trabajo_practico (id, titulo, materia_id) VALUES(27, 'Trabajo Practico 27', (SELECT id FROM materia WHERE nombre = 'Calidad'));INSERT INTO trabajo_practico (id, titulo, materia_id) VALUES(28, 'Trabajo Practico 28', (SELECT id FROM materia WHERE nombre = 'Tecnicas de Diseño'));INSERT INTO trabajo_practico (id, titulo, materia_id) VALUES(29, 'Trabajo Practico 29', (SELECT id FROM materia WHERE nombre = 'Taller'));INSERT INTO trabajo_practico (id, titulo, materia_id) VALUES(30, 'Trabajo Practico 30', (SELECT id FROM materia WHERE nombre = 'Calidad'));INSERT INTO consigna (id, consigna, orden, puntaje, trabajo_practico_id) VALUES (1, 'Consigna 1', 0, 10, 1);INSERT INTO consigna (id, consigna, orden, puntaje, trabajo_practico_id) VALUES (2, 'Consigna 1', 0, 10, 2);INSERT INTO consigna (id, consigna, orden, puntaje, trabajo_practico_id) VALUES (3, 'Consigna 1', 0, 10, 3);INSERT INTO consigna (id, consigna, orden, puntaje, trabajo_practico_id) VALUES (4, 'Consigna 1', 0, 10, 4);INSERT INTO consigna (id, consigna, orden, puntaje, trabajo_practico_id) VALUES (5, 'Consigna 1', 0, 10, 5);INSERT INTO consigna (id, consigna, orden, puntaje, trabajo_practico_id) VALUES (6, 'Consigna 1', 0, 10, 6);INSERT INTO consigna (id, consigna, orden, puntaje, trabajo_practico_id) VALUES (7, 'Consigna 1', 0, 10, 7);INSERT INTO consigna (id, consigna, orden, puntaje, trabajo_practico_id) VALUES (8, 'Consigna 1', 0, 10, 8);INSERT INTO consigna (id, consigna, orden, puntaje, trabajo_practico_id) VALUES (9, 'Consigna 1', 0, 10, 9);INSERT INTO consigna (id, consigna, orden, puntaje, trabajo_practico_id) VALUES (10, 'Consigna 1', 0, 10, 10);INSERT INTO consigna (id, consigna, orden, puntaje, trabajo_practico_id) VALUES (11, 'Consigna 1', 0, 10, 11);INSERT INTO consigna (id, consigna, orden, puntaje, trabajo_practico_id) VALUES (12, 'Consigna 1', 0, 10, 12);INSERT INTO consigna (id, consigna, orden, puntaje, trabajo_practico_id) VALUES (13, 'Consigna 1', 0, 10, 13);INSERT INTO consigna (id, consigna, orden, puntaje, trabajo_practico_id) VALUES (14, 'Consigna 1', 0, 10, 14);INSERT INTO consigna (id, consigna, orden, puntaje, trabajo_practico_id) VALUES (15, 'Consigna 1', 0, 10, 15);INSERT INTO consigna (id, consigna, orden, puntaje, trabajo_practico_id) VALUES (16, 'Consigna 1', 0, 10, 16);INSERT INTO consigna (id, consigna, orden, puntaje, trabajo_practico_id) VALUES (17, 'Consigna 1', 0, 10, 17);INSERT INTO consigna (id, consigna, orden, puntaje, trabajo_practico_id) VALUES (18, 'Consigna 1', 0, 10, 18);INSERT INTO consigna (id, consigna, orden, puntaje, trabajo_practico_id) VALUES (19, 'Consigna 1', 0, 10, 19);INSERT INTO consigna (id, consigna, orden, puntaje, trabajo_practico_id) VALUES (20, 'Consigna 1', 0, 10, 20);INSERT INTO consigna (id, consigna, orden, puntaje, trabajo_practico_id) VALUES (21, 'Consigna 1', 0, 10, 21);INSERT INTO consigna (id, consigna, orden, puntaje, trabajo_practico_id) VALUES (22, 'Consigna 1', 0, 10, 22);INSERT INTO consigna (id, consigna, orden, puntaje, trabajo_practico_id) VALUES (23, 'Consigna 1', 0, 10, 23);INSERT INTO consigna (id, consigna, orden, puntaje, trabajo_practico_id) VALUES (24, 'Consigna 1', 0, 10, 24);INSERT INTO consigna (id, consigna, orden, puntaje, trabajo_practico_id) VALUES (25, 'Consigna 1', 0, 10, 25);INSERT INTO consigna (id, consigna, orden, puntaje, trabajo_practico_id) VALUES (26, 'Consigna 1', 0, 10, 26);INSERT INTO consigna (id, consigna, orden, puntaje, trabajo_practico_id) VALUES (27, 'Consigna 1', 0, 10, 27);INSERT INTO consigna (id, consigna, orden, puntaje, trabajo_practico_id) VALUES (28, 'Consigna 1', 0, 10, 28);INSERT INTO consigna (id, consigna, orden, puntaje, trabajo_practico_id) VALUES (29, 'Consigna 1', 0, 10, 29);INSERT INTO consigna (id, consigna, orden, puntaje, trabajo_practico_id) VALUES (30, 'Consigna 1', 0, 10, 30);